Modèle,Accuracy,Precision,Recall,F1-Score,ROC-AUC
KNN,0.8363636363636363,0.8370271370420624,0.8363636363636363,0.8351884952177986,0.9492954108104789
Decision Tree,0.8590909090909091,0.8589598689598691,0.8590909090909091,0.858999389871873,0.8941727720308273
Random Forest,0.8909090909090909,0.8924025974025975,0.8909090909090909,0.8908366184161555,0.9836355739570686
